Abbreviation,Structure,P-value,Effect Size,Lower Confidence Interval,Higher Confidence Interval
GP_R,Globus Pallidus (R),0.0227,-1.51184322758354,0.0012594200202021,0.0184576864828479
Post_L,Postsubiculum (L),0.0132,-1.4995126012996,0.001291993248223,0.011897798590992
cg_R,Cingulum (R),0.0381,-1.24646584266538,0.0003946029478838,0.0157220210837162
